,Name_collection,N_elements,Rank,Score,Items,Price
0,doodles-official,9,4154,95.9342,5,35.69
1,doodles-official,10,1044,183.2842,6,39.99999999999999
2,doodles-official,13,9954,63.7994,5,32.0
3,doodles-official,22,9839,64.4379,5,29.1
5,doodles-official,32,3996,97.8107,5,42.06899999999999
6,doodles-official,39,112,821.4182,4,77.0
7,doodles-official,47,316,542.3962,3,222.22200000000004
8,doodles-official,48,1086,175.4442,6,39.0
9,doodles-official,66,3354,128.3349,6,29.660000000000004
10,doodles-official,92,6397,74.3909,5,41.0
11,doodles-official,101,3444,119.5488,5,39.99000000000001
12,doodles-official,140,4004,97.6701,5,50.0
13,doodles-official,141,3612,109.1542,5,35.99999999999999
14,doodles-official,189,384,403.4249,5,139.69
15,doodles-official,214,8009,68.2774,5,25.99
16,doodles-official,239,3501,115.4025,5,63.00000000000001
17,doodles-official,250,491,228.1142,6,35.00000000000001
18,doodles-official,257,858,195.5468,6,47.0
19,doodles-official,269,1593,153.0095,6,33.69
20,doodles-official,272,273,573.1728,3,268.99999999999994
21,doodles-official,280,160,769.0418,4,50.0
22,doodles-official,311,1032,186.1158,6,42.6
23,doodles-official,343,8746,66.6666,5,29.99000000000001
24,doodles-official,349,8477,67.1398,5,24.0
25,doodles-official,351,3950,98.351,5,24.99
26,doodles-official,357,1439,156.5898,5,59.99000000000001
27,doodles-official,363,96,918.5333,3,108.123
28,doodles-official,370,9743,64.7988,5,29.9
29,doodles-official,390,690,204.7909,6,30.0
31,doodles-official,441,8005,68.2887,5,24.555000000000003
32,doodles-official,466,9458,65.4654,5,28.68
33,doodles-official,478,2578,134.4386,6,26.989999999999995
34,doodles-official,487,1884,144.9022,6,44.99999999999999
36,doodles-official,518,5401,85.0946,5,38.88
37,doodles-official,548,4187,95.6081,5,30.0
38,doodles-official,553,7354,70.8922,5,45.55500000000001
40,doodles-official,565,1623,152.314,6,100.0
41,doodles-official,590,4998,87.3428,5,29.0
42,doodles-official,595,8921,66.3736,5,31.500000000000004
43,doodles-official,600,3455,118.7674,5,35.00000000000001
44,doodles-official,613,5370,85.3321,5,29.0
45,doodles-official,631,4253,94.6978,5,27.0
46,doodles-official,639,3854,100.7331,5,39.0
47,doodles-official,700,5123,86.6749,5,55.00000000000001
48,doodles-official,713,6428,74.2076,5,31.000000000000004
50,doodles-official,756,6073,77.935,5,27.71999999999999
51,doodles-official,786,492,228.1028,6,31.500000000000004
52,doodles-official,793,3388,124.566,5,37.8
53,doodles-official,869,1994,142.0483,6,28.8
54,doodles-official,946,7748,69.3207,5,24.89999999999999
55,doodles-official,966,664,207.2934,6,33.0
56,doodles-official,972,7172,71.4267,5,36.49999999999999
57,doodles-official,982,2487,135.4648,5,36.99999999999999
58,doodles-official,1024,5418,84.9357,5,34.0
59,doodles-official,1038,4455,92.4672,5,27.0
60,doodles-official,1046,8821,66.5499,5,37.76999999999999
61,doodles-official,1063,1428,157.0291,6,30.0
62,doodles-official,1074,91,954.1726,4,100.0
63,doodles-official,1095,4206,95.3701,5,42.06899999999999
64,doodles-official,1101,154,769.8429,4,57.0
65,doodles-official,1107,1246,163.0744,6,29.0
66,doodles-official,1115,3584,110.3946,5,99.0
68,doodles-official,1184,1713,150.5559,6,33.33
69,doodles-official,1205,1503,154.967,5,69.42
70,doodles-official,1230,7310,71.0158,5,29.45
71,doodles-official,1233,9989,63.2271,5,28.8
72,doodles-official,1256,488,228.8142,6,300.66599999999994
73,doodles-official,1264,5744,81.6523,5,28.99
74,doodles-official,1266,1971,142.7029,5,74.99999999999999
75,doodles-official,1273,2234,138.2258,6,37.68999999999999
76,doodles-official,1296,3186,130.2249,6,39.99999999999999
77,doodles-official,1307,3643,107.9735,5,44.99999999999999
78,doodles-official,1323,9459,65.4647,5,23.88
79,doodles-official,1343,829,196.9483,6,44.99999999999999
80,doodles-official,1368,2995,131.4045,6,29.95000000000001
81,doodles-official,1376,8305,67.4654,5,420.0
82,doodles-official,1387,1294,161.1979,6,31.000000000000004
83,doodles-official,1414,4102,96.3768,5,50.0
84,doodles-official,1422,1898,144.555,6,27.500000000000004
85,doodles-official,1435,2095,139.8353,6,99.68999999999998
86,doodles-official,1446,4210,95.2999,5,55.00000000000001
87,doodles-official,1461,1356,159.3006,5,30.0
88,doodles-official,1482,6166,76.7686,5,34.0
89,doodles-official,1492,9733,64.8265,5,44.99999999999999
90,doodles-official,1515,3704,105.6129,5,35.00000000000001
91,doodles-official,1546,2341,137.0685,6,38.00000000000001
92,doodles-official,1555,3505,114.986,5,35.00000000000001
93,doodles-official,1563,7688,69.6848,5,26.0
94,doodles-official,1567,2544,134.8478,5,68.99999999999999
95,doodles-official,1585,2593,134.2669,5,34.0
96,doodles-official,1589,4863,88.3184,5,23.988
97,doodles-official,1596,645,210.2703,6,41.0
98,doodles-official,1610,9441,65.4984,5,30.0
99,doodles-official,1613,4799,88.8669,5,31.69
100,doodles-official,1623,4758,89.2713,5,33.0
101,doodles-official,1626,5238,86.0457,5,30.0
102,doodles-official,1631,4496,92.0888,5,33.0
103,doodles-official,1649,8205,67.7171,5,26.899999999999995
104,doodles-official,1668,8353,67.3925,5,24.5
105,doodles-official,1671,6300,75.1081,5,34.99
106,doodles-official,1694,364,524.9572,3,69.69000000000001
107,doodles-official,1698,2270,137.8326,6,27.0
108,doodles-official,1706,5081,86.916,5,45.69
109,doodles-official,1715,9131,66.0342,5,38.00000000000001
110,doodles-official,1720,39,3056.9376,5,420.69
111,doodles-official,1735,9979,63.3744,5,24.2
112,doodles-official,1760,3230,129.9792,5,42.69
113,doodles-official,1802,106,909.1601,4,166.6
114,doodles-official,1803,5,20868.0201,5,1499.9999999999998
115,doodles-official,1807,2797,132.5895,6,24.0
116,doodles-official,1818,3001,131.3778,6,31.25
117,doodles-official,1834,3808,102.0081,5,39.99999999999999
119,doodles-official,1876,7902,68.6798,5,24.24
120,doodles-official,1882,417,262.2628,6,48.88000000000001
121,doodles-official,1886,4543,91.5235,5,38.00000000000001
123,doodles-official,1906,4081,96.5724,5,37.49999999999999
124,doodles-official,1926,3921,99.0599,5,42.99999999999999
125,doodles-official,1957,1794,148.2343,5,35.00000000000001
126,doodles-official,1960,1873,145.245,6,34.59
127,doodles-official,1966,2681,133.4067,5,32.95
128,doodles-official,1984,5691,82.2268,5,31.000000000000004
129,doodles-official,1992,4294,94.1179,5,33.33
130,doodles-official,1998,2207,138.547,6,35.99999999999999
131,doodles-official,2004,1463,156.1062,6,26.0
132,doodles-official,2047,3378,126.0715,5,39.99999999999999
133,doodles-official,2088,7600,70.027,5,27.95
134,doodles-official,2100,402,277.6875,6,103.0
135,doodles-official,2146,284,564.8794,3,81.0
136,doodles-official,2151,3536,113.1037,5,39.95000000000001
137,doodles-official,2159,3836,101.074,5,39.0
139,doodles-official,2196,1946,143.3778,6,69.42
140,doodles-official,2217,3967,98.1647,5,32.69
141,doodles-official,2243,8914,66.389,5,25.0
142,doodles-official,2263,2081,140.0661,6,29.25
143,doodles-official,2277,9466,65.4498,5,35.00000000000001
144,doodles-official,2284,9546,65.2811,5,24.800000000000004
145,doodles-official,2308,6347,74.736,5,50.0
146,doodles-official,2358,5534,83.9794,5,26.5
147,doodles-official,2359,7980,68.3742,5,27.99
148,doodles-official,2373,3803,102.2174,5,31.000000000000004
149,doodles-official,2401,52,1471.8654,3,169.69
150,doodles-official,2407,7810,69.0973,5,26.0
151,doodles-official,2457,3364,127.929,5,50.0
152,doodles-official,2458,353,526.6251,3,99.0
153,doodles-official,2460,3012,131.3372,6,25.5
154,doodles-official,2473,2983,131.4531,5,28.69
155,doodles-official,2505,140,781.5589,4,64.99999999999999
156,doodles-official,2515,3060,131.0039,5,39.99999999999999
157,doodles-official,2535,4082,96.569,5,35.00000000000001
158,doodles-official,2536,4784,89.0029,5,30.0
159,doodles-official,2539,1633,152.1883,5,50.0
160,doodles-official,2551,2331,137.2169,6,39.88
161,doodles-official,2556,8696,66.7394,5,39.0
162,doodles-official,2559,3265,129.6793,6,29.42
163,doodles-official,2560,6,17808.8766,5,299.0
164,doodles-official,2561,516,222.8754,6,59.000000000000014
165,doodles-official,2570,5057,87.0567,5,28.000000000000004
166,doodles-official,2571,8937,66.3434,5,50.0
167,doodles-official,2583,4868,88.2821,5,69.69000000000001
168,doodles-official,2584,3694,105.8975,5,555.55
169,doodles-official,2586,7074,71.695,5,42.69
170,doodles-official,2594,791,198.4917,6,39.0
171,doodles-official,2609,3336,128.7166,5,36.9
172,doodles-official,2610,2506,135.2247,6,34.9
173,doodles-official,2643,3429,120.255,5,50.0
174,doodles-official,2666,5740,81.6683,5,24.95
175,doodles-official,2682,2228,138.264,6,35.00000000000001
176,doodles-official,2683,2787,132.6526,6,30.0
178,doodles-official,2758,111,821.4316,4,84.26899999999998
179,doodles-official,2780,3997,97.8099,5,27.0
180,doodles-official,2787,3938,98.7127,5,50.0
181,doodles-official,2792,6178,76.6231,5,148.99999999999997
182,doodles-official,2794,6364,74.6082,5,39.0
183,doodles-official,2795,3729,104.5181,5,34.49999999999999
184,doodles-official,2815,8927,66.3607,5,64.99999999999999
185,doodles-official,2825,2638,133.8562,6,29.9
186,doodles-official,2832,5257,85.9473,5,24.800000000000004
187,doodles-official,2836,4873,88.2096,5,25.90000000000001
188,doodles-official,2845,4734,89.5133,5,33.0
189,doodles-official,2857,8392,67.2937,5,29.15000000000001
190,doodles-official,2864,4679,89.998,5,32.0
191,doodles-official,2873,400,282.622,6,74.99999999999999
192,doodles-official,2875,677,206.2021,6,30.0
193,doodles-official,2878,6907,72.2453,5,41.0
194,doodles-official,2879,676,206.2261,6,49.68999999999999
195,doodles-official,2912,3,25309.3151,5,2950.000000000001
196,doodles-official,2946,276,570.865,3,100.0
197,doodles-official,2996,1132,170.8338,5,68.99999999999999
198,doodles-official,3000,163,768.6881,4,58.0
199,doodles-official,3023,7125,71.5586,5,30.0
200,doodles-official,3057,9902,64.1747,5,35.00000000000001
201,doodles-official,3064,3564,111.5391,5,29.0
202,doodles-official,3072,141,781.4686,4,149.99999999999997
203,doodles-official,3084,299,556.897,3,69.69000000000001
204,doodles-official,3097,179,762.7797,4,88.79999999999998
205,doodles-official,3108,1298,161.0594,6,39.96000000000001
206,doodles-official,3116,2477,135.5249,6,25.0
207,doodles-official,3130,1206,165.6531,5,64.41999999999999
208,doodles-official,3132,1142,170.1558,5,40.69
209,doodles-official,3157,311,545.6488,3,57.68999999999999
210,doodles-official,3183,604,213.579,6,29.69
211,doodles-official,3217,2001,141.7891,5,42.00000000000001
212,doodles-official,3220,2025,141.2829,5,36.99999999999999
213,doodles-official,3221,336,536.4323,3,55.00000000000001
214,doodles-official,3242,1010,191.4787,6,39.42
215,doodles-official,3256,1259,162.5332,5,128.99999999999997
216,doodles-official,3258,2643,133.8365,6,39.9
217,doodles-official,3278,1766,149.0259,6,68.99999999999999
218,doodles-official,3279,3928,98.9061,5,36.99999999999999
219,doodles-official,3290,3637,108.0615,5,30.0
220,doodles-official,3297,9898,64.1851,5,29.0
221,doodles-official,3318,3767,103.2412,5,31.599999999999994
222,doodles-official,3319,5273,85.8703,5,59.99999999999999
223,doodles-official,3334,9502,65.3862,5,29.95000000000001
224,doodles-official,3344,60,1409.6517,5,169.69
225,doodles-official,3357,1585,153.0929,6,42.69
226,doodles-official,3398,1056,180.7582,5,39.99999999999999
227,doodles-official,3402,9654,65.0435,5,33.879999999999995
228,doodles-official,3404,9238,65.8759,5,500.00000000000006
229,doodles-official,3407,959,193.1428,6,29.0
231,doodles-official,3426,2492,135.3742,6,25.0
232,doodles-official,3431,7888,68.7382,5,36.77
233,doodles-official,3478,9677,65.012,5,30.0
234,doodles-official,3484,6753,72.7233,5,32.0
235,doodles-official,3493,5022,87.2264,5,28.55
236,doodles-official,3500,6527,73.7249,5,39.99999999999999
237,doodles-official,3502,923,193.8426,6,31.000000000000004
238,doodles-official,3507,9355,65.6707,5,35.7
239,doodles-official,3516,6286,75.289,5,39.76999999999999
240,doodles-official,3538,1290,161.4779,5,69.96
241,doodles-official,3539,6884,72.3398,5,88.0
242,doodles-official,3541,1772,148.9195,5,44.99999999999999
243,doodles-official,3598,4140,96.049,5,88.79999999999998
244,doodles-official,3605,3201,130.1272,6,24.89999999999999
245,doodles-official,3611,5957,79.2436,5,31.000000000000004
246,doodles-official,3613,199,740.3908,4,665.9999999999999
247,doodles-official,3627,4135,96.084,5,33.0
248,doodles-official,3637,3332,128.7879,5,35.99999999999999
249,doodles-official,3646,8099,67.9799,5,28.15
250,doodles-official,3656,6162,76.9239,5,30.0
251,doodles-official,3687,5527,84.0158,5,31.000000000000004
252,doodles-official,3692,9389,65.6126,5,35.00000000000001
254,doodles-official,3706,6126,77.3092,5,26.49
255,doodles-official,3710,471,235.6854,6,69.42
256,doodles-official,3737,9334,65.7201,5,25.1
257,doodles-official,3767,624,212.2448,6,50.0
258,doodles-official,3791,241,694.3398,3,199.00000000000003
259,doodles-official,3796,1811,147.5945,6,44.440000000000005
260,doodles-official,3822,4416,92.797,5,68.99999999999999
261,doodles-official,3881,45,1877.3241,5,160.0
262,doodles-official,3887,716,202.3382,6,39.9
263,doodles-official,3897,602,213.6729,6,50.0
264,doodles-official,3902,8017,68.2551,5,26.0
265,doodles-official,3907,6344,74.7422,5,33.0
266,doodles-official,3946,844,196.2406,6,39.99999999999999
267,doodles-official,3952,1739,149.7248,6,33.900000000000006
268,doodles-official,3954,22,10041.2742,5,269.6969
269,doodles-official,3969,2847,132.2131,5,39.0
270,doodles-official,3977,4199,95.4777,5,49.5
271,doodles-official,4010,5112,86.7394,5,35.49999999999999
272,doodles-official,4012,5261,85.9276,5,35.00000000000001
273,doodles-official,4029,2862,132.1385,6,24.600000000000005
274,doodles-official,4073,3813,101.6802,5,39.99999999999999
275,doodles-official,4075,473,234.6457,5,86.65999999999998
276,doodles-official,4086,3919,99.1226,5,79.99999999999999
277,doodles-official,4087,9455,65.4677,5,23.9
278,doodles-official,4089,3882,99.929,5,30.0
279,doodles-official,4096,3209,130.0882,6,48.99999999999999
280,doodles-official,4102,7880,68.7738,5,32.0
281,doodles-official,4121,2219,138.3329,6,35.00000000000001
282,doodles-official,4168,4499,92.0435,5,250.00000000000003
283,doodles-official,4179,1183,167.4398,5,27.500000000000004
284,doodles-official,4194,54,1458.513,4,140.00000000000003
285,doodles-official,4205,2994,131.4047,6,27.0
286,doodles-official,4225,4876,88.2006,5,28.880000000000003
287,doodles-official,4232,9215,65.9166,5,30.0
288,doodles-official,4261,1844,146.433,6,39.0
289,doodles-official,4273,2612,134.0706,6,100.0
290,doodles-official,4295,309,546.4422,3,101.01000000000002
291,doodles-official,4302,197,743.7325,4,169.69
292,doodles-official,4304,1289,161.4977,6,39.99000000000001
293,doodles-official,4327,561,217.1894,6,100.0
294,doodles-official,4342,7334,70.9491,5,29.0
295,doodles-official,4343,5752,81.4861,5,23.5
296,doodles-official,4345,654,208.7928,5,74.99999999999999
297,doodles-official,4352,1396,157.9927,6,29.99000000000001
298,doodles-official,4386,8808,66.5685,5,39.99000000000001
299,doodles-official,4387,649,209.5753,6,29.9
301,doodles-official,4417,3600,109.8207,5,27.0
302,doodles-official,4432,7719,69.5382,5,30.0
303,doodles-official,4437,6315,75.0059,5,34.69
304,doodles-official,4439,4447,92.5419,5,26.69
305,doodles-official,4446,660,207.9646,6,28.5
306,doodles-official,4447,86,992.1016,4,76.69
307,doodles-official,4465,2767,132.7649,6,29.99000000000001
308,doodles-official,4485,3629,108.5243,5,69.42
309,doodles-official,4499,509,224.4569,6,29.9
310,doodles-official,4506,3610,109.2984,5,36.690000000000005
311,doodles-official,4557,4085,96.5326,5,33.0
312,doodles-official,4558,7031,71.8376,5,24.75
313,doodles-official,4573,401,281.7181,6,100.0
314,doodles-official,4618,1579,153.3166,6,34.55000000000001
315,doodles-official,4622,9929,63.995,5,25.0
316,doodles-official,4638,643,210.5225,6,35.00000000000001
317,doodles-official,4642,8991,66.2618,5,24.419999999999995
318,doodles-official,4665,2235,138.1969,5,79.99999999999999
319,doodles-official,4669,5101,86.8141,5,30.0
320,doodles-official,4676,9689,64.9787,5,33.27
321,doodles-official,4693,7152,71.491,5,25.90000000000001
322,doodles-official,4756,293,563.9226,3,118.88
323,doodles-official,4761,9084,66.1193,5,24.7
324,doodles-official,4765,7644,69.8615,5,34.0
325,doodles-official,4773,831,196.8758,6,35.00000000000001
326,doodles-official,4778,532,220.84,6,68.99999999999999
327,doodles-official,4793,4552,91.4177,5,30.0
328,doodles-official,4806,2573,134.4851,6,50.0
329,doodles-official,4813,3961,98.231,5,50.0
330,doodles-official,4818,4461,92.4177,5,35.99999999999999
331,doodles-official,4827,2610,134.0864,6,28.5
332,doodles-official,4846,136,786.8978,3,149.99999999999997
333,doodles-official,4860,936,193.6153,6,29.69
334,doodles-official,4903,4609,90.75,5,39.99999999999999
335,doodles-official,4907,235,712.8347,4,70.00000000000001
336,doodles-official,4914,6206,76.2062,5,38.00000000000001
337,doodles-official,4915,1123,171.5839,5,99.0
338,doodles-official,4919,9534,65.3112,5,29.0
339,doodles-official,4949,2636,133.872,6,27.500000000000004
340,doodles-official,4980,4720,89.6911,5,24.7
341,doodles-official,4998,4002,97.7075,5,50.0
342,doodles-official,5005,2536,134.9214,6,28.5
343,doodles-official,5050,3770,103.1779,5,48.99999999999999
344,doodles-official,5111,1318,160.4559,5,33.0
345,doodles-official,5136,3294,129.3855,6,26.0
346,doodles-official,5140,5760,81.4061,5,34.0
347,doodles-official,5155,982,192.5598,6,35.00000000000001
348,doodles-official,5177,6486,73.8896,5,55.00000000000001
349,doodles-official,5182,4258,94.6088,5,51.82
350,doodles-official,5185,9351,65.6823,5,28.649999999999995
351,doodles-official,5203,1101,174.0701,6,36.63
352,doodles-official,5223,5483,84.3969,5,30.0
353,doodles-official,5228,3696,105.7876,5,50.0
354,doodles-official,5275,2397,136.3739,6,35.00000000000001
355,doodles-official,5277,788,198.5417,6,23.98
356,doodles-official,5320,4229,94.9852,5,38.99
357,doodles-official,5344,6807,72.5798,5,26.75000000000001
358,doodles-official,5358,9346,65.6953,5,29.69
359,doodles-official,5364,4718,89.7033,5,69.42
360,doodles-official,5366,1304,160.8204,5,68.99999999999999
361,doodles-official,5403,1339,159.9115,6,33.69
362,doodles-official,5825,148,771.6702,4,69.42
363,doodles-official,5843,705,203.0935,6,29.500000000000007
364,doodles-official,5875,67,1259.421,3,99.68999999999998
365,doodles-official,5879,101,917.5055,3,99.0
366,doodles-official,5935,7290,71.0813,5,34.69
367,doodles-official,5936,9009,66.2341,5,38.00000000000001
368,doodles-official,5939,3437,119.8162,5,39.99999999999999
369,doodles-official,5961,9950,63.833,5,33.0
370,doodles-official,5966,3627,108.577,5,28.69
371,doodles-official,5975,359,525.9097,3,66.67699999999998
372,doodles-official,5989,8785,66.6096,5,25.0
373,doodles-official,5994,1076,176.6505,5,69.69000000000001
374,doodles-official,6009,3126,130.5882,5,50.0
375,doodles-official,6052,3096,130.8165,5,55.00000000000001
376,doodles-official,6063,4198,95.4836,5,32.0
377,doodles-official,6065,5959,79.2232,5,25.0
378,doodles-official,6077,2370,136.7094,6,39.7
379,doodles-official,6096,8711,66.7215,5,35.00000000000001
380,doodles-official,6120,9364,65.662,5,4200.000000000001
381,doodles-official,6123,1973,142.5622,6,44.99999999999999
382,doodles-official,6138,521,222.2276,6,36.99999999999999
383,doodles-official,6157,8235,67.6253,5,23.23
384,doodles-official,6164,2029,141.2112,5,39.943
385,doodles-official,6172,4157,95.9116,5,30.0
386,doodles-official,6175,1027,187.1291,5,100.0
387,doodles-official,6183,4965,87.5241,5,26.0
388,doodles-official,6187,3092,130.8245,6,35.00000000000001
389,doodles-official,6201,5956,79.2824,5,26.419999999999995
390,doodles-official,6214,8628,66.8719,5,42.69
391,doodles-official,6217,2096,139.8348,6,28.15
392,doodles-official,6234,4404,92.8957,5,30.0
393,doodles-official,6241,1002,191.793,6,34.0
394,doodles-official,6245,549,218.9741,6,30.0
395,doodles-official,6257,3384,125.0641,5,39.99999999999999
396,doodles-official,6277,1299,161.0273,6,100.0
397,doodles-official,6310,1177,167.8377,5,50.0
398,doodles-official,6319,1230,164.0015,5,39.99999999999999
399,doodles-official,6324,4537,91.5671,5,24.689999999999998
400,doodles-official,6351,582,215.2127,6,42.69
401,doodles-official,6354,7682,69.7047,5,39.99999999999999
402,doodles-official,6382,9768,64.7184,5,50.0
403,doodles-official,6394,1565,153.5222,6,35.00000000000001
404,doodles-official,6419,5771,81.3062,5,28.665999999999997
405,doodles-official,6420,446,243.7142,6,68.99999999999999
406,doodles-official,6427,1296,161.1009,6,30.0
407,doodles-official,6429,3646,107.861,5,35.00000000000001
408,doodles-official,6434,7231,71.271,5,35.00000000000001
409,doodles-official,6462,5885,80.0965,5,30.1
410,doodles-official,6475,1525,154.6107,5,44.440000000000005
411,doodles-official,6485,2215,138.3917,6,32.49999999999999
412,doodles-official,6488,1717,150.3588,6,28.880000000000003
413,doodles-official,6495,2568,134.5702,5,29.99000000000001
414,doodles-official,6513,3095,130.818,6,39.99999999999999
415,doodles-official,6516,8595,66.948,5,37.71
416,doodles-official,6534,2254,138.0185,6,38.9
417,doodles-official,6544,4428,92.7032,5,36.49999999999999
419,doodles-official,6562,6106,77.6069,5,50.0
420,doodles-official,6573,6125,77.329,5,24.689999999999998
421,doodles-official,6592,4431,92.675,5,35.00000000000001
422,doodles-official,6605,1265,162.2983,6,69.42
423,doodles-official,6606,365,523.1625,3,69.69000000000001
424,doodles-official,6617,212,733.0478,3,99.68999999999998
425,doodles-official,6625,2591,134.2709,6,55.00000000000001
426,doodles-official,6629,9710,64.9069,5,28.99
427,doodles-official,6632,5445,84.7048,5,28.3
428,doodles-official,6640,3706,105.5688,5,35.99999999999999
429,doodles-official,6653,5936,79.493,5,44.99999999999999
430,doodles-official,6658,6272,75.4773,5,32.0
431,doodles-official,6659,8048,68.1494,5,34.7
432,doodles-official,6679,4280,94.3346,5,35.00000000000001
433,doodles-official,6680,5709,82.0606,5,32.0
434,doodles-official,6687,3676,106.6404,5,31.99
435,doodles-official,6709,5668,82.4683,5,35.00000000000001
436,doodles-official,6724,620,212.5536,6,36.99999999999999
437,doodles-official,6727,9348,65.691,5,32.0
438,doodles-official,6732,7112,71.5875,5,1000.0
439,doodles-official,6741,1309,160.7126,6,31.18
440,doodles-official,6766,4789,88.9786,5,25.0
441,doodles-official,6816,5725,81.8686,5,39.80000000000001
442,doodles-official,6838,1829,147.0623,6,35.00000000000001
443,doodles-official,6858,5990,78.819,5,316.0
444,doodles-official,6929,3322,128.983,6,42.69
445,doodles-official,6933,2597,134.2007,6,44.99999999999999
446,doodles-official,6936,59,1421.2227,3,96.69
447,doodles-official,6977,5089,86.8553,5,66.0
448,doodles-official,6985,1724,150.0762,6,28.350000000000005
449,doodles-official,6986,7903,68.6754,5,149.99999999999997
450,doodles-official,7000,464,237.6671,6,44.99999999999999
451,doodles-official,7005,8886,66.435,5,26.0
452,doodles-official,7018,301,554.7142,3,74.99999999999999
453,doodles-official,7069,5131,86.6302,5,32.0
454,doodles-official,7084,3481,116.9768,5,50.0
456,doodles-official,7120,4271,94.4032,5,74.99999999999999
457,doodles-official,7145,3713,105.2665,5,30.0
458,doodles-official,7199,2150,139.1894,6,81.0
459,doodles-official,7232,5389,85.1872,5,38.00000000000001
460,doodles-official,7236,2877,132.0669,6,39.0
461,doodles-official,7243,3648,107.8317,5,100.0
462,doodles-official,7250,5700,82.1635,5,25.89
463,doodles-official,7255,4189,95.5854,5,44.99999999999999
464,doodles-official,7259,240,694.6362,3,59.99999999999999
465,doodles-official,7278,8878,66.4484,5,35.00000000000001
466,doodles-official,7294,817,197.4203,6,42.06899999999999
467,doodles-official,7325,2118,139.5585,5,33.0
468,doodles-official,7331,6981,72.006,5,28.000000000000004
469,doodles-official,7345,746,200.1801,6,77.76999999999998
470,doodles-official,7351,1334,160.1401,5,35.99999999999999
471,doodles-official,7400,2698,133.296,6,29.9
472,doodles-official,7406,4457,92.4648,5,29.40000000000001
473,doodles-official,7480,2466,135.6092,6,39.0
474,doodles-official,7482,3712,105.2939,5,44.99999999999999
475,doodles-official,7489,44,1885.0518,5,272.00000000000006
476,doodles-official,7499,1120,171.7055,6,100.0
477,doodles-official,7506,6878,72.3454,5,28.45
478,doodles-official,7521,2017,141.4656,6,36.99999999999999
479,doodles-official,7551,2136,139.2956,6,55.00000000000001
480,doodles-official,7555,1151,169.4242,5,64.99999999999999
481,doodles-official,7560,36,4422.05,5,969.6899999999998
482,doodles-official,7568,1478,155.6979,6,42.69
483,doodles-official,7569,1431,156.9511,6,1000.0
484,doodles-official,7570,4760,89.2466,5,33.900000000000006
485,doodles-official,7573,1,25309.3151,5,2800.0000000000005
486,doodles-official,7586,214,732.9894,3,130.0
487,doodles-official,7602,4550,91.4507,5,27.500000000000004
488,doodles-official,7607,2764,132.782,6,34.56699999999999
489,doodles-official,7621,1711,150.5899,5,39.99999999999999
490,doodles-official,7629,2000,141.8813,6,29.42
491,doodles-official,7657,221,722.1206,3,225.0
492,doodles-official,7658,207,733.515,3,78.99999999999999
493,doodles-official,7663,6597,73.3719,5,26.0
494,doodles-official,7676,1351,159.57,5,33.0
495,doodles-official,7698,5535,83.9692,5,24.5
496,doodles-official,7704,5945,79.3575,5,27.0
497,doodles-official,7716,1388,158.1353,6,35.00000000000001
498,doodles-official,7738,1138,170.517,6,48.0
499,doodles-official,7743,2959,131.5765,6,44.99999999999999
500,doodles-official,7745,1093,174.7834,6,34.49999999999999
501,doodles-official,7746,5533,83.9796,5,55.555
502,doodles-official,7756,1422,157.236,6,29.42
503,doodles-official,7760,371,521.535,3,110.0
504,doodles-official,7768,1871,145.3202,5,29.0
505,doodles-official,7770,1453,156.3637,5,50.0
506,doodles-official,7794,7627,69.9228,5,50.0
507,doodles-official,7801,553,218.5749,6,50.0
508,doodles-official,7802,74,1185.7517,5,200.0
509,doodles-official,7824,357,526.2994,3,69.42
510,doodles-official,7833,157,769.1994,4,50.0
511,doodles-official,7836,7931,68.5668,5,30.0
513,doodles-official,7847,5905,79.875,5,50.0
514,doodles-official,7866,3810,101.9257,5,29.920000000000005
515,doodles-official,7874,367,521.8679,3,64.99999999999999
517,doodles-official,7952,9795,64.6351,5,36.9
518,doodles-official,7995,1602,152.7617,5,28.000000000000004
519,doodles-official,8014,1760,149.3383,5,44.99999999999999
520,doodles-official,8029,847,196.1269,6,35.99999999999999
521,doodles-official,8064,2441,135.9283,6,30.0
522,doodles-official,8090,1828,147.1255,6,39.49999999999999
523,doodles-official,8097,9077,66.127,5,23.649999999999995
524,doodles-official,8110,4270,94.4135,5,25.0
525,doodles-official,8166,842,196.342,6,30.0
526,doodles-official,8191,2078,140.0979,5,27.0
527,doodles-official,8243,2262,137.8836,6,66.66659999999999
528,doodles-official,8251,4395,93.0099,5,44.99999999999999
529,doodles-official,8297,5925,79.6215,5,44.440000000000005
530,doodles-official,8300,2507,135.2143,6,35.99999999999999
531,doodles-official,8302,6509,73.7816,5,38.9
532,doodles-official,8333,1190,167.0179,6,27.0
533,doodles-official,8336,5536,83.9594,5,35.00000000000001
534,doodles-official,8337,2613,134.0512,6,25.0
535,doodles-official,8345,6119,77.3871,5,28.880000000000003
536,doodles-official,8348,1963,142.8129,6,30.0
537,doodles-official,8367,2627,133.9666,6,50.0
539,doodles-official,8413,361,525.5659,3,45.69
540,doodles-official,8415,1409,157.6178,6,26.8
541,doodles-official,8428,2284,137.6664,6,28.350000000000005
542,doodles-official,8439,9478,65.4304,5,27.88
543,doodles-official,8450,256,644.3694,3,69.42
544,doodles-official,8463,9640,65.0758,5,23.49000000000001
545,doodles-official,8464,7946,68.5264,5,500.00000000000006
546,doodles-official,8472,9572,65.2306,5,28.000000000000004
547,doodles-official,8474,4773,89.1,5,31.000000000000004
548,doodles-official,8475,4973,87.4959,5,35.49999999999999
549,doodles-official,8476,8847,66.5025,5,48.0
550,doodles-official,8477,7273,71.142,5,38.5
551,doodles-official,8482,2222,138.3156,6,420.0
552,doodles-official,8497,2252,138.0266,6,26.0
553,doodles-official,8503,8063,68.0965,5,39.99999999999999
554,doodles-official,8517,1441,156.5423,5,50.0
555,doodles-official,8520,6924,72.2049,5,50.0
556,doodles-official,8536,5631,82.7897,5,25.200000000000003
557,doodles-official,8545,7007,71.9275,5,44.99999999999999
558,doodles-official,8547,1414,157.4363,6,35.00000000000001
559,doodles-official,8565,3213,130.0714,6,28.8
560,doodles-official,8566,2119,139.5542,6,38.88
561,doodles-official,8590,3019,131.2984,6,25.90000000000001
562,doodles-official,8592,2475,135.5424,6,50.0
563,doodles-official,8593,7879,68.7752,5,30.0
564,doodles-official,8619,4569,91.2329,5,34.9
565,doodles-official,8639,670,206.6048,6,35.00000000000001
566,doodles-official,8643,224,719.3136,4,89.99999999999999
567,doodles-official,8649,1175,168.0188,6,36.99999999999999
568,doodles-official,8690,1191,166.9888,6,55.49999999999999
569,doodles-official,8704,192,757.2495,4,110.0
570,doodles-official,8707,382,520.877,3,59.99999999999999
571,doodles-official,8712,2404,136.2736,5,234.567
572,doodles-official,8715,3548,112.5164,5,42.69
573,doodles-official,8735,1372,158.7877,5,37.49999999999999
574,doodles-official,8748,5894,80.0113,5,42.69
575,doodles-official,8756,5025,87.2154,5,47.0
576,doodles-official,8771,267,626.1855,3,79.99999999999999
577,doodles-official,8826,6487,73.8791,5,69.42
578,doodles-official,8876,5214,86.1887,5,27.500000000000004
579,doodles-official,8880,5703,82.1308,5,35.00000000000001
580,doodles-official,8909,1347,159.6642,6,31.879999999999992
581,doodles-official,8942,3650,107.7911,5,33.33
582,doodles-official,8945,1880,145.1531,6,33.0
583,doodles-official,8947,4275,94.3686,5,39.42
584,doodles-official,8972,1235,163.6697,6,55.00000000000001
585,doodles-official,8978,7645,69.8515,5,44.99999999999999
586,doodles-official,8983,5167,86.3973,5,35.00000000000001
587,doodles-official,8986,3547,112.5386,5,33.5
588,doodles-official,8989,6107,77.6053,5,37.99000000000001
589,doodles-official,9009,934,193.6407,6,28.000000000000004
590,doodles-official,9017,834,196.7688,6,32.0
591,doodles-official,9031,1687,151.0857,6,30.0
592,doodles-official,9053,5895,80.0042,5,27.500000000000004
593,doodles-official,9065,5804,81.0637,5,44.99999999999999
594,doodles-official,9069,4309,93.8988,5,33.33
595,doodles-official,9071,2125,139.4475,6,30.0
596,doodles-official,9084,3514,114.5154,5,24.689999999999998
597,doodles-official,9090,2450,135.8449,6,30.0
598,doodles-official,9098,1775,148.7938,6,32.0
599,doodles-official,9108,8208,67.7098,5,28.25
600,doodles-official,9143,8625,66.8769,5,25.0
601,doodles-official,9162,3636,108.0985,5,27.0
602,doodles-official,9168,2152,139.1625,6,30.0
603,doodles-official,9170,1402,157.7814,6,32.0
604,doodles-official,9177,6343,74.7446,5,25.0
605,doodles-official,9180,306,551.8912,3,68.99999999999999
606,doodles-official,9188,6934,72.1602,5,30.0
607,doodles-official,9216,1387,158.182,5,69.42
608,doodles-official,9218,8687,66.7638,5,27.0
609,doodles-official,9226,328,540.9839,3,68.6
610,doodles-official,9232,23,10026.7684,5,350.00000000000006
611,doodles-official,9243,4,21961.3321,5,999.0000000000005
612,doodles-official,9251,4062,96.7632,5,33.0
613,doodles-official,9275,7835,68.9772,5,27.89
614,doodles-official,9292,69,1250.9872,3,130.0
615,doodles-official,9307,1119,171.8356,6,41.0
616,doodles-official,9348,329,540.9513,3,199.99000000000004
617,doodles-official,9352,733,200.9325,6,30.0
618,doodles-official,9353,9025,66.209,5,33.7
619,doodles-official,9389,5809,80.9772,5,29.79999999999999
620,doodles-official,9391,62,1397.7874,5,199.00000000000003
621,doodles-official,9414,7942,68.5381,5,31.840000000000003
622,doodles-official,9434,8676,66.7857,5,49.99000000000001
623,doodles-official,9437,6702,72.9283,5,27.88
624,doodles-official,9450,9265,65.8308,5,55.00000000000001
625,doodles-official,9454,1492,155.2703,5,47.0
626,doodles-official,9456,9398,65.5867,5,39.0
627,doodles-official,9495,85,993.0906,4,79.99999999999999
628,doodles-official,9497,3743,104.1803,5,55.00000000000001
629,doodles-official,9504,7339,70.9323,5,27.500000000000004
630,doodles-official,9507,4566,91.2756,5,30.0
631,doodles-official,9527,206,734.2603,4,85.0
632,doodles-official,9533,56,1447.2742,4,149.99999999999997
633,doodles-official,9536,8415,67.246,5,48.99999999999999
634,doodles-official,9564,4052,96.9042,5,69.42
635,doodles-official,9581,8062,68.1011,5,48.99999999999999
636,doodles-official,9590,421,259.3142,5,66.66599999999998
637,doodles-official,9597,6089,77.8254,5,35.00000000000001
638,doodles-official,9629,3662,107.0797,5,39.88
639,doodles-official,9635,7159,71.4653,5,26.0
640,doodles-official,9644,6321,74.9552,5,39.99000000000001
641,doodles-official,9659,1,25309.3151,5,2499.9999999999995
642,doodles-official,9666,6225,75.999,5,29.79999999999999
643,doodles-official,9691,6759,72.7172,5,27.689999999999998
644,doodles-official,9704,7292,71.0753,5,33.0
645,doodles-official,9706,4406,92.8921,5,68.99999999999999
646,doodles-official,9709,698,204.0703,6,34.69
647,doodles-official,9729,6636,73.1547,5,37.7
648,doodles-official,9732,1355,159.3118,6,30.0
649,doodles-official,9737,2212,138.484,6,38.76
650,doodles-official,9740,3144,130.4586,5,33.33
651,doodles-official,9742,1065,179.4045,6,39.0
652,doodles-official,9753,5452,84.6646,5,48.0
653,doodles-official,9773,1302,160.8344,5,59.99999999999999
654,doodles-official,9806,6488,73.8661,5,47.42
655,doodles-official,9808,3345,128.4544,6,31.800000000000004
656,doodles-official,9812,121,798.186,4,250.00000000000003
657,doodles-official,9816,8334,67.4189,5,39.0
658,doodles-official,9840,7341,70.9314,5,50.0
659,doodles-official,9881,3435,119.9025,5,42.69
660,doodles-official,9884,9734,64.8246,5,42.69
661,doodles-official,9885,8295,67.4924,5,33.33
662,doodles-official,9905,3028,131.2459,6,35.00000000000001
663,doodles-official,9938,4389,93.0462,5,34.99
664,doodles-official,9940,5275,85.8673,5,27.8
665,doodles-official,9949,7751,69.3131,5,25.5
666,doodles-official,9968,9663,65.0319,5,29.0
667,doodles-official,9975,7708,69.565,5,30.0
668,doodles-official,9991,8728,66.6912,5,24.99
669,doodles-official,9998,8060,68.1179,5,28.950000000000003
